곡 제목,아티스트,좋아요,수록곡 수,발매일,국가
그때의 우리,먼데이 키즈 (Monday Kiz),399,2곡,2021.09.16,국내
싸이월드 BGM 2021,데이브레이크 (DAYBREAK),144,2곡,2021.09.16,국내
레몬밤,셀린 (Celine),53,1곡,2021.09.16,국내
Somebody Else,참솜 (Chamsom),89,5곡,2021.09.16,국내
MILLENNIUM,Bronze (브론즈),53,5곡,2021.09.16,국내
희망 프로젝트 Vol.2 - Your Smile,dasolyi,7,1곡,2021.09.16,국내
Buckle up,프리티지 (PRITTI-G),26,1곡,2021.09.16,국내
POP ONE,RAZYBOYOCEAN,38,1곡,2021.09.16,국내
Teenage,구피 (Goopy),61,1곡,2021.09.16,국내
신비아파트 고스트볼Z: 어둠의 퇴마사,"윤도현, 드림노트 (DreamNote)",115,4곡,2021.09.16,국내
뜬구름,Jimmy Brown,65,1곡,2021.09.16,국내
레드 카펫,문빛,55,1곡,2021.09.16,국내
샌드백 (Sandbag),종한 (JONGHAN),62,1곡,2021.09.16,국내
솔직히,JIN,4,2곡,2021.09.16,국내
I SAY MAMAMOO : THE BEST,마마무 (Mamamoo),5717,23곡,2021.09.15,국내
Wonderland,Lym en,37,2곡,2021.09.16,국내
Return of the Legends Vol.2,배치기,62,6곡,2021.09.16,국내
ARTIST. 김시원,Anonymous Artists,22,1곡,2021.09.16,국내
Feeling,Marrakech,19,1곡,2021.09.16,국내
"이별 후, 첫 번째",전상근,302,2곡,2021.09.15,국내
집이 돼줄게 (TEN PROJECT Part.5),"양다일, 범키",193,2곡,2021.09.15,국내
buffering,프롬유 (From.U),9,1곡,2021.09.16,국내
All You Need Is Love,포브 (pov),16,5곡,2021.09.16,국내
MINISERIES,"SUMIN (수민), Slom",492,10곡,2021.09.15,국내
JEJU,LOGI(로기),14,1곡,2021.09.16,국내
"Nerd, Nurd n Nerdy",베어풋인더가든 (Bearfoot in the garden),9,6곡,2021.09.16,국내
Trilogy Ⅱ. Speranza,라포엠 (LA POEM),1370,2곡,2021.09.15,국내
어른,JAEHA (재하),553,1곡,2021.09.15,국내
Moonlight,Jaguaa,12,2곡,2021.09.16,국내
Option,The Hills (더 힐스),12,1곡,2021.09.16,국내
편,sEODo,45,2곡,2021.09.15,국내
World is One 2021,"츄 (이달의 소녀), 김요한, Eric Bellinger",402,1곡,2021.09.15,국내
Change,최진호 (BlueWhale),123,13곡,2021.09.15,국내
Lovers in Seoul,off the menu (오프더메뉴),58,1곡,2021.09.15,국내
진심으로 너를 위해 부르는 노래 (Prod. 로코베리),"김윤아, 원슈타인",689,1곡,2021.09.15,국내
나는 울겠지,네이브로,67,1곡,2021.09.15,국내
비상사태,Chan,81,1곡,2021.09.15,국내
달이 뜬 것까지,"공세영, 이한철",39,1곡,2021.09.15,국내
가을이 오지 않았으면 해,달빛정원,32,2곡,2021.09.15,국내
긴 밤,소피 (Soppy),29,2곡,2021.09.15,국내
Blue Letter,원호 (WONHO),1545,7곡,2021.09.14,국내
가을 타나 봐 (REVIBE Vol.4),이무진,2581,2곡,2021.09.14,국내
눈이 부시는 날에,바이유어사이드 (By Your Side),24,1곡,2021.09.15,국내
How Can I Stop,파사딕 (Posadic),27,1곡,2021.09.15,국내
너를 버텨내는 일,리누 (Lee-Nu),62,2곡,2021.09.15,국내
Letters From Seoul,songseoul,17,5곡,2021.09.15,국내
PIZZA BREAK X Rakon (FIRST BITE 010) / 피자브레이크 X 라콘 (퍼스트바이트 010),"Rakon, EUROKO PIZZA (유로코피자)",32,1곡,2021.09.15,국내
이런 내 맘 정말 모르겠니,가원,19,2곡,2021.09.15,국내
초희귀종,한요한,4982,11곡,2021.09.14,국내
Deja Vu,BAADA,8,3곡,2021.09.15,국내
아직 네가 보고싶어,김민울,46,2곡,2021.09.15,국내
OK,921,19,1곡,2021.09.15,국내
첫사랑,유별,13,1곡,2021.09.15,국내
"HeShe : Episode 13, I'm You","HeShe, 유성은",61,1곡,2021.09.14,국내
널 위한 멜로디,앤씨아,263,2곡,2021.09.14,국내
iScreaM Vol.10 : Next Level Remixes,aespa,1135,3곡,2021.09.14,국내
썸에어 OST Part.1,홍은기 (HONG EUNKI),28,2곡,2021.09.15,국내
애취,Claire Hau (클레어 하우),49,1곡,2021.09.14,국내
With You (교과서엔 없습니다 X 뒤공),뒤공,29,2곡,2021.09.14,국내
슈퍼밴드2 - Episode.11,Various Artists,180,3곡,2021.09.14,국내
사랑의 콜센타 PART70,Various Artists,4459,12곡,2021.09.14,국내
Fake,임헌일,115,1곡,2021.09.14,국내
내 맘을 꺼내 줘,달에닿아,36,1곡,2021.09.14,국내
사진으로부터,태인 (TAIN),135,1곡,2021.09.14,국내
부디 (1st MAKE:UP),지아,502,2곡,2021.09.13,국내
목에 오토튠을 빼!,패러렐(Parallel),23,1곡,2021.09.14,국내
Wallpaper,Jay Marie,13,1곡,2021.09.14,국내
바람,서린 (Seorin),29,1곡,2021.09.14,국내
산아,강동훈,29,1곡,2021.09.14,국내
ZERO : FEVER Part.3,ATEEZ (에이티즈),3534,6곡,2021.09.13,국내
하이클래스 OST Part 1,Paige,18,2곡,2021.09.14,국내
Butterfly,로이도 (Roydo),21,1곡,2021.09.14,국내
홍천기 OST Part.3,양다일,313,2곡,2021.09.13,국내
"Dive Baby, Dive",Glen Check,354,2곡,2021.09.13,국내
마음을 오르는 기록,윤딴딴,964,4곡,2021.09.13,국내
혼자 있는 밤,버블 사운드 (bubble sound),15,1곡,2021.09.14,국내
그댄 이미,우아람,31,2곡,2021.09.14,국내
endofpast,나일수록 좋아,31,2곡,2021.09.14,국내
Second chance,PS영준,7,2곡,2021.09.14,국내
지금 나오는 곡 제목이 뭐야,우수한 (OOSU:HAN),17,1곡,2021.09.14,국내
기도,Woshi,22,1곡,2021.09.14,국내
오랜만이야,육각수,13,2곡,2021.09.14,국내
낮은소리,김장훈,113,2곡,2021.09.13,국내
아무것도 안해도 돼,던컨 (Doncan),6,1곡,2021.09.14,국내
HYPNOTIZED,"ARCX (아르코), LENNY MAKES SOME-THING (레니메익썸띵)",7,1곡,2021.09.14,국내
들리는 편지,태비 (Taeb2),57,1곡,2021.09.13,국내
Vacay,CLOCK,22,1곡,2021.09.13,국내
New Edition 33,015B,115,2곡,2021.09.13,국내
길의 끝을 나서기 전,러블리벗 (Lovelybut),22,2곡,2021.09.13,국내
끝이라고 말할 것 같았어,황치열,1235,2곡,2021.09.12,국내
갯마을 차차차 OST Part 2,케이시 (Kassy),841,2곡,2021.09.12,국내
AQUA LOVE,연애시점,20,1곡,2021.09.13,국내
give me head,Sweet The Kid,31,1곡,2021.09.13,국내
감정은 왜 항상 제멋대로야,백식 (Baeksik),28,1곡,2021.09.13,국내
인생은 라랄라,노사봉,12,1곡,2021.09.13,국내
안부,"Hamburg Student, MiNC (민크)",20,1곡,2021.09.13,국내
HANG OUT : HIPHOPPLAYA COMPILATION ALBUM 2021 Part 6,BIG Naughty (서동현),664,1곡,2021.09.12,국내
이별앞에 솔직한 우리,KURO,125,1곡,2021.09.12,국내
온세계,배현이 (baehyuni),18,2곡,2021.09.13,국내
아직 난 이른 듯해,H!,8,1곡,2021.09.13,국내
너도 그랬듯이,"빨간양말, 리나",23,2곡,2021.09.13,국내
놓아줘,BigEast (빅이스트),15,1곡,2021.09.13,국내
THE,"공도하, Kimnerd",11,2곡,2021.09.13,국내
그리운 너,블루피쉬 (BlueFish),15,2곡,2021.09.13,국내
"IF YOU, IF I",SOUND SURGEON,16,1곡,2021.09.13,국내
연애의 참견 2021 OST - Part.20,리디아 (Lydia),99,2곡,2021.09.12,국내
나는 사랑이,안복진,32,2곡,2021.09.12,국내
LOUD -Grand Finale-,Various Artists,414,3곡,2021.09.12,국내
"카페인, 점 그리고 따옴",차메인 (ChaMane),77,1곡,2021.09.12,국내
Night and Night,알레프 (ALEPH),189,2곡,2021.09.12,국내
"우리가 사랑한 그 노래, 새가수 Episode 9",Various Artists,53,6곡,2021.09.12,국내
별[星],진해성,585,12곡,2021.09.11,국내
극한데뷔 야생돌,극한데뷔 야생돌,85,2곡,2021.09.11,국내
이유가 안 돼,임소정,53,1곡,2021.09.12,국내
tin man,LILAC (라일락),36,1곡,2021.09.12,국내
Dark Light,Flavordash,33,3곡,2021.09.12,국내
인간실격 OST Part.2,Sondia,184,2곡,2021.09.11,국내
EVERY NIGHT,BIGONE (빅원),391,1곡,2021.09.11,국내
The Race 777,"DAKSHOOD, TOMMY YANG",196,10곡,2021.09.11,국내
[Vol.109] 유희열의 스케치북 : 일흔 한번째 목소리 '유스케 X 이홍기 (FT아일랜드)',이홍기 (FT아일랜드),564,1곡,2021.09.11,국내
호구,하빈,36,1곡,2021.09.12,국내
Falling Star,It's my turn,7,1곡,2021.09.12,국내
조선판스타 Part.3,Various Artists,8,4곡,2021.09.12,국내
네겐 모든 색이 다 들어있어,신지민 (zemean),19,1곡,2021.09.12,국내
모태솔로야,브라더호,18,2곡,2021.09.12,국내
이별을 말할 거예요,이동현,18,2곡,2021.09.12,국내
ABOUT ME,ESON,76,8곡,2021.09.11,국내
내 딸 하자 땡큐콘서트,Various Artists,447,20곡,2021.09.11,국내
청춘연가 (Youth),전세한 (of NETRAUM),2,1곡,2021.09.12,국내
"늦여름, 3시 14분",feelDa,14,2곡,2021.09.12,국내
집단지성,"서준혁, Lemma",33,5곡,2021.09.11,국내
쉽게 이별을 말하지마요,감성소년,43,2곡,2021.09.11,국내
선물,백예린 (Yerin Baek),19319,6곡,2021.09.10,국내
널 좋아하는 거 그만둘까 봐,전우성 (노을),397,2곡,2021.09.10,국내
불후의 명곡 - 우리 가곡을 노래하다 편,Various Artists,20,6곡,2021.09.11,국내
Piano Playlist 01,피아노의 숲,55,10곡,2021.09.11,국내
what is on your mind?,수우 (soowoo),23,2곡,2021.09.11,국내
Lil Stories,Slyme Young (슬라임 영),10,12곡,2021.09.11,국내
빨강 구두 OST Part.10,원케이 (one.k),19,2곡,2021.09.11,국내
얼마나,카진,49,2곡,2021.09.11,국내
내 평생 단 하나의,손후,22,1곡,2021.09.11,국내
"이상해,불공평해,너가책임져야해",뷰티풀 뷰(VEAUTIFUL BIEW),21,1곡,2021.09.11,국내
PADO,비비 (BIBI),1584,1곡,2021.09.10,국내
unknown ballad 2.3,OnlyOneOf (온리원오브),207,1곡,2021.09.10,국내
Out of Time,RAINUD,54,1곡,2021.09.11,국내
이러지 말아요,김이불,29,1곡,2021.09.11,국내
[IAMMONEY VS BUSYNESSBOY],"IAMMONEY, BUSYNESSBOY",33,35곡,2021.09.11,국내
I LOVE MY ROOM,AITE (아이테),23,1곡,2021.09.11,국내
금,오하일 (o Hail),7,8곡,2021.09.11,국내
LALISA,리사 (LISA),9537,2곡,2021.09.10,국내
No Vanilla,"엘랍 (A-LIVE), Motto",12,2곡,2021.09.11,국내
너를 위해,위아영 (WeAreYoung),125,1곡,2021.09.10,국내
슬기로운 의사생활 시즌2 OST Part 11,HYNN (박혜원),939,2곡,2021.09.10,국내
Friends Vol.1,"조성민, 김형중",34,3곡,2021.09.10,국내
지평선,나상현씨밴드,85,1곡,2021.09.10,국내
Rollin’,머디레드 (Muddy Red),16,1곡,2021.09.10,국내
0X1=LOVESONG (I Know I Love You) feat. MOD SUN,투모로우바이투게더,2565,1곡,2021.09.10,국내
1+1=1,현아&던,2305,4곡,2021.09.09,국내
4 ONLY,이하이,7369,10곡,2021.09.09,국내
HOME,"benkidish (벤키디쉬), Jeremy (이원재)",13,2곡,2021.09.10,국내
MilkTz the197X,MilkTz(밀크티즈),14,8곡,2021.09.10,국내
TEDDY DOG,김우주,39,1곡,2021.09.10,국내
이상한 나라의 라푼젤,Lay.bn,86,1곡,2021.09.10,국내
The Only Child,CHY,21,5곡,2021.09.10,국내
울면서 후회하네,주현미 재즈 프로젝트,10,1곡,2021.09.10,국내
되는대로 삽니다,우소연,23,2곡,2021.09.10,국내
너는 왜 나를,이우,234,4곡,2021.09.09,국내
You take my pose. It's true.,강,23,4곡,2021.09.10,국내
ALEX,Bamsem (밤샘),14,1곡,2021.09.10,국내
이제는 다시 널 볼 수 없겠지,하진우,22,2곡,2021.09.10,국내
내 하루,"마이너리티 클래식, 윤민서",5,2곡,2021.09.10,국내
"Good night, Jung",융 (Jung),28,1곡,2021.09.10,국내
너를 지워볼게,더 데이지 (The Daisy),18,2곡,2021.09.10,국내
PIECE-9 : Starry Nightt Music,THE PIECES(더 피스),49,1곡,2021.09.09,국내
Dog Waltz,원다희,28,2곡,2021.09.10,국내
별이빛나는밤에 (Star Dust),사우스클럽 (South Club),163,1곡,2021.09.09,국내
이수린ackermann,unofficialboyy,806,11곡,2021.09.09,국내
For-rest,한올,109,1곡,2021.09.09,국내
전부 다 (Feat. Skinny Brown),"염따, TOIL",791,1곡,2021.09.09,국내
YOUTH,루미너스,56,5곡,2021.09.09,국내
In My Room : Vol.6 (일촌신청),루머 (roomer),85,12곡,2021.09.09,국내
W.W.W,ABOUT(어바웃),64,1곡,2021.09.09,국내
Empty,SIM2,17,1곡,2021.09.09,국내
유 레이즈 미 업 (You Raise Me Up) OST,Various Artists,43,17곡,2021.09.09,국내
About Summer,이루리,126,2곡,2021.09.09,국내
HIDE & SEEK,퍼플키스,923,6곡,2021.09.08,국내
쉽게 쓴 사랑 노래,이상민,36,2곡,2021.09.09,국내
정답은 없어(NO DAB),나아람,16,1곡,2021.09.09,국내
CHERR!SH,다원,47,2곡,2021.09.09,국내
OUT OF VIEW,BFEX,11,6곡,2021.09.10,국내
신록의 계절,유정목 (9와 숫자들),39,1곡,2021.09.09,국내
마이크스웨거 부스 (MIC SWG BOOTH) with. Flatshop(플랫샵),마이크스웨거 (MIC SWG),20,3곡,2021.09.09,국내
Oh Yeah,큐오스 (Q.O.S),19,2곡,2021.09.09,국내
건전한 음원(반) 유통 캠페인,유은,12,1곡,2021.09.09,국내
티파니에서 모닝 키스를 OST Part.1,소유 (SOYOU),272,2곡,2021.09.08,국내
Run Away,"Dislike Mushroom, B2nif",4,1곡,2021.09.10,국내
Return of the Legends Vol.1,권인하,42,12곡,2021.09.09,국내
우린 좀 단순해질 필요가 있어,소소한 프로젝트,20,2곡,2021.09.09,국내
Singer Layla,로우 하이 로우 (Low High Low),16,1곡,2021.09.09,국내
23.5 Child,소년:달,40,4곡,2021.09.09,국내
GWTM REMIX,"리트릴라 (LiTrilla), 지현민, 노윤하, D.Ark (디아크), OSUN (권오선), YLN Foreign",89,1곡,2021.09.09,국내
REAL ONE,LIL GIMCHI,153,1곡,2021.09.08,국내
싸이월드 BGM 2021,프로미스나인,820,2곡,2021.09.08,국내
Audio Smith Vol. 01,Various Artists,5,6곡,2021.09.09,국내
Drown,HAKI (하키),18,1곡,2021.09.09,국내
Lost Chapter (사라진 양피지),"펜타킬 (Pentakill), League of Legends",21,11곡,2021.09.09,국내
그렇게 됐나 봐 (아는 여자애 X 이민혁),이민혁,331,2곡,2021.09.08,국내
icy girl (feat. SOLE),oceanfromtheblue,192,7곡,2021.09.08,국내
"SPICY (Remix) (Feat. Omega Sapien, sokodomo, Lil Cherry)",CL,432,1곡,2021.09.08,국내
괜찮아,범진,56,2곡,2021.09.08,국내
더 플레이리스트 Part.8,Various Artists,63,3곡,2021.09.08,국내
GOT'YA,ICHILLIN' (아이칠린),128,1곡,2021.09.08,국내
이런 맘은 처음이라,훈스 (HOONS),113,1곡,2021.09.08,국내
Painted÷LOVE:),MEGAMAX (메가맥스),51,10곡,2021.09.08,국내
COBALT,김뜻돌,265,5곡,2021.09.08,국내
우주의 별 OST Part. 2,노블,42,1곡,2021.09.08,국내
사람이 먼저다,이센스윙스(esenswings),88,12곡,2021.09.08,국내
핫루키 붐뱁 배틀 Final,핫루키 랩배틀,22,2곡,2021.09.08,국내
너와 함께 있어 차가운 새벽 공기마저 난 참 따듯해,"동선호, 이안",17,2곡,2021.09.09,국내
Observe,백아연,1158,6곡,2021.09.07,국내
또 다른 나 (경찰수업 OST 스페셜 트랙),빅마마,375,2곡,2021.09.07,국내
IF YOU,한살차이,33,1곡,2021.09.08,국내
사랑받지 못한다면 의미 없어,슈 (SHUUU),91,1곡,2021.09.08,국내
"Goodnight, Summer",성민 (SUNGMIN),133,2곡,2021.09.07,국내
사랑합니다,하은 (포맨),218,2곡,2021.09.07,국내
Can I see you tomorrow?,BIRTHDAYCAKEiii,14,1곡,2021.09.08,국내
"사랑은 특별하고, 이별은 평범하고 (feat. 서유주)",스무살,244,1곡,2021.09.07,국내
Listen to Pain,루시드폴,240,3곡,2021.09.08,국내
하루하루,크록 (CROQ),21,1곡,2021.09.08,국내
어떤 말,RENDY (렌디),66,2곡,2021.09.08,국내
우리 이렇게 지내자,신디,20,2곡,2021.09.08,국내
You Better,공훈(Gong Hoon),8,1곡,2021.09.08,국내
Super Sick,Charming Jo (조매력),192,1곡,2021.09.08,국내
지그시,고래와 정민,12,1곡,2021.09.08,국내
유 레이즈 미 업 (You Raise Me Up) OST Part 3,천단비,70,2곡,2021.09.07,국내
Senses,Electric Planet Five,13,4곡,2021.09.08,국내
Dance Alone,다이애나 (Diana),55,1곡,2021.09.08,국내
사랑을 어떻게 막나요,"나들, 유리 (U ri)",8,1곡,2021.09.08,국내
수필집,소보,7,1곡,2021.09.08,국내
끝,Shoi,16,1곡,2021.09.08,국내
수락산 Remix,Lil Poet,37,1곡,2021.09.07,국내
Addict In,"Kim Addict (킴 애딕), 조인호",22,7곡,2021.09.07,국내
Lights (Feat. Kim Hanjoo),이수호,30,1곡,2021.09.07,국내
슈퍼밴드2 - Episode.10,Various Artists,371,4곡,2021.09.07,국내
사랑의 콜센타 PART69,Various Artists,6010,12곡,2021.09.07,국내
Everything is Because Of You,초이 (CHOI),29,2곡,2021.09.07,국내
타임머신 (Feat. Swalo),WEN,30,2곡,2021.09.07,국내
STEREOTYPE,STAYC(스테이씨),8824,4곡,2021.09.06,국내
홍천기 OST Part.2,솔라 (마마무),1517,2곡,2021.09.06,국내
쉿,MOBULL,14,2곡,2021.09.07,국내
False hope,DEUL,44,1곡,2021.09.07,국내
희망과 절망의 경계,이상의날개,110,10곡,2021.09.07,국내
빗물 사운드/Sad Night,빗물 사운드,3,1곡,2021.09.08,국내
완전 내 스타일,21학번,76,2곡,2021.09.07,국내
그 시절을 사랑할래요,택우,63,1곡,2021.09.07,국내
지금 집에 가고 있어,이민규,14,2곡,2021.09.07,국내
Eternal,Young K (DAY6),8741,7곡,2021.09.06,국내
척하면 척이지,윤서령,61,2곡,2021.09.07,국내
니편이 되어줄게,헤이 달리 (Hey Dali),19,1곡,2021.09.07,국내
Callin',Syzz (씨즈),18,1곡,2021.09.08,국내
취중진담 [醉中眞談],"마진초이 (marginchoi), 키츠요지 (kitsyojii)",56,8곡,2021.09.07,국내
ETERNAL,"UZA (우자), Cat Psalm, 우주멍게",10,1곡,2021.09.07,국내
바다와 대지의 노래 이야기,이재우,30,15곡,2021.09.07,국내
나만 보고 사랑했던 너에게,정창룡,26,2곡,2021.09.07,국내
1st Single Album [WHAT'S GOIN' ON],OMEGA X (오메가엑스),158,2곡,2021.09.06,국내
PANIC BUTTON Original Track Vol.8,정고래,75,2곡,2021.09.06,국내
나의 바다,김기원,12,2곡,2021.09.07,국내
미치도록 2021,마르코,22,2곡,2021.09.06,국내
찰칵! (snap snap snap) (#001_side a),담예 (DAMYE),73,1곡,2021.09.06,국내
Wordpress,샤크라마 (SHARKRAMA),162,12곡,2021.09.06,국내
딸기키스 (Strawberry Kisses),BÉBE YANA (베이비 야나),59,1곡,2021.09.06,국내
Over.,WATER.,54,4곡,2021.09.06,국내
Call My Name,페리블루 (Ferry Blue),79,1곡,2021.09.06,국내
설레이지 않아도,반하나,343,2곡,2021.09.05,국내
갯마을 차차차 OST Part 1,카더가든,1945,2곡,2021.09.05,국내
1≠1,ANTIK,113,3곡,2021.09.06,국내
FLOWER,홍주현,278,1곡,2021.09.05,국내
"맛Song, 내Song 만들기! Project Part.1",신현희 (신현희와김루트),190,2곡,2021.09.05,국내
난 혼자였구나,Fromdear (프롬디어),14,2곡,2021.09.07,국내
TIMECAPSULE,LEON (딥상어),108,1곡,2021.09.06,국내
별똥별,BehindtheMoon,66,1곡,2021.09.06,국내
Hard,Potty Monkey,143,1곡,2021.09.05,국내
초능력,쏘대장 (General SSO),90,2곡,2021.09.06,국내
결국 못 갔어,유희,33,2곡,2021.09.06,국내
너 없으면 안 되는 내 하루,"조수현, 한동현",15,2곡,2021.09.06,국내
Blues Cluster,가리 (Gari),10,1곡,2021.09.06,국내
잘 지내니,마끼아또 (Machiato),22,2곡,2021.09.06,국내
PC음악,PAR,30,12곡,2021.09.06,국내
이벤트를 확인하세요 OST Part.5,권화운,38,2곡,2021.09.05,국내
연애의 참견 2021 OST - Part.19,정유진,88,2곡,2021.09.05,국내
Fire,김연경,10,1곡,2021.09.06,국내
Endless Summer,ILLSON,114,9곡,2021.09.05,국내
여담(餘談)시리즈 Part.7,런치송 프로젝트,120,1곡,2021.09.05,국내
LOUD Live Round - Final Debut -,Various Artists,321,5곡,2021.09.05,국내
나의 안부,크르르,231,1곡,2021.09.05,국내
"우리가 사랑한 그 노래, 새가수 Episode 8",Various Artists,35,6곡,2021.09.05,국내
인간실격 OST Part.1,하동균,529,2곡,2021.09.04,국내
Loop,I.M (아이엠),3989,1곡,2021.09.04,국내
Gardenia,chillobey,24,1곡,2021.09.06,국내
hitmeup,태우(TAEWOO),103,2곡,2021.09.04,국내
Make Me Smile,네이비쿼카 (NavyQuokka),63,2곡,2021.09.05,국내
나의 여름,수조 (Sujo),36,4곡,2021.09.05,국내
Another Me Vol.1,OV,19,1곡,2021.09.05,국내
HANG OUT : HIPHOPPLAYA COMPILATION ALBUM 2021 Part 5,한지원,70,1곡,2021.09.04,국내
열대야,잇상,31,1곡,2021.09.05,국내
All My Friends,ZINDO (진도),40,2곡,2021.09.05,국내
Realize (Never Alone),"A5ura, Based:in",12,1곡,2021.09.05,국내
그동안 고마웠어,빨간의자,120,2곡,2021.09.04,국내
이벤트를 확인하세요 OST Part.4,전제니,32,2곡,2021.09.04,국내
웹툰 나만 보여! Part.3,요다영,68,1곡,2021.09.04,국내
돈돈돈,박현호,78,2곡,2021.09.04,국내
Back On The Road,ZELO (젤로),169,2곡,2021.09.04,국내
암어타이거,릴호동,17,2곡,2021.09.05,국내
나침반 (Feat. Mingginyu),안재우,24,1곡,2021.09.05,국내
YCL Project No.6,유체리쉬 (Yucherish),10,1곡,2021.09.05,국내
우리가 있었어,유용호,52,1곡,2021.09.04,국내
빨강 구두 OST Part.9,장희영,55,2곡,2021.09.04,국내
불후의 명곡 - 대한민국 록의 자존심 들국화 전인권 편 2부,Various Artists,34,6곡,2021.09.04,국내
째깍째깍 (EDM ver.),신미래,60,2곡,2021.09.04,국내
MAXIS BY RYAN JHUN PT. 2,이달의 소녀,1494,1곡,2021.09.03,국내
환승연애 OST Part 2,하성운,2677,2곡,2021.09.03,국내
노브레인 25주년 Part.1,마미손X효자손,170,1곡,2021.09.03,국내
우수무당 가두심 OST Part.3,유선호,183,2곡,2021.09.03,국내
싸이월드 BGM 2021,매드 클라운x이해리,454,2곡,2021.09.03,국내
Dreaming,멜로틱,20,4곡,2021.09.04,국내
길,Wavycake (웨이비케이크),25,1곡,2021.09.04,국내
스페이스센터,문없는집,21,1곡,2021.09.04,국내
Temporary Pain (일시적 고통),dontworryanu (돈워리아누),19,5곡,2021.09.04,국내
ONEUS THEATRE : Life is Beautiful,원어스 (ONEUS),783,2곡,2021.09.03,국내
슬기로운 의사생활 시즌2 OST Special 2,미도와 파라솔,2156,3곡,2021.09.03,국내
Highway,이아람,101,1곡,2021.09.03,국내
guitar,KODI GREEN,12,1곡,2021.09.04,국내
Psyche Cocktail,에고펑션에러 (Ego Function Error),10,1곡,2021.09.04,국내
하염없이,간종욱,19,2곡,2021.09.04,국내
나비,화려,26,2곡,2021.09.04,국내
Waste,KILER KEV,7,1곡,2021.09.04,국내
나의 여름 (Grape tree),이가원,18,1곡,2021.09.04,국내
ONE ROOM,이기찬,346,2곡,2021.09.03,국내
토이스토리,이진명,39,2곡,2021.09.03,국내
비긴어게인 오픈마이크 EPISODE. 20,"존박, 하동균, 김예림 (Lim Kim)",199,3곡,2021.09.03,국내
널 사랑해,ALICE(송주희),46,1곡,2021.09.03,국내
yama,slchld,56,1곡,2021.09.03,국내
Moments in between,넬 (NELL),3701,10곡,2021.09.02,국내
ALIVE,ASTRO (아스트로),2328,1곡,2021.09.02,국내
Changer : Dear Eris,에이스 (A.C.E),518,10곡,2021.09.02,국내
Playlist (Feat. 지젤 (Jiselle)),해일(Haeil),96,1곡,2021.09.02,국내
Thru The Rain,JOE CHO,13,1곡,2021.09.03,국내
지우고 나면 정말 끝일까 봐,더 라임,31,2곡,2021.09.03,국내
더라이즈(THE:RISE) Season 4,"Northfacegawd, Tabber, EXN, Oygli, 권기백",164,5곡,2021.09.02,국내
유 레이즈 미 업 (You Raise Me Up) OST Part 2,일레인,60,2곡,2021.09.02,국내
Conspiracy,COMMON GROUND (커먼그라운드),26,11곡,2021.09.03,국내
걸어가,유하,27,1곡,2021.09.03,국내
Post Corona (터널의 끝에서),"PoCo, 진주 (Hyun Jin Ju)",12,1곡,2021.09.03,국내
Call you out,AEILO(에일로),14,1곡,2021.09.03,국내
왜 몰라,Aden (에이든),15,1곡,2021.09.03,국내
Floating Sailor,래미,19,1곡,2021.09.03,국내
우리가 왜,주호,150,2곡,2021.09.02,국내
It's You (예리 of Red Velvet),예리 (YERI),1479,2곡,2021.09.02,국내
MI CASA SU CASA,허영생,255,4곡,2021.09.02,국내
The very first episode,으네 (UNE),260,2곡,2021.09.02,국내
LID,맥거핀 (macguffin),66,1곡,2021.09.02,국내
꽃,LEEYOUNGWOONG,116,1곡,2021.09.02,국내
별이 빛나는 밤에 (REVIBE Vol.3),규현 (KYUHYUN),2228,2곡,2021.09.01,국내
Beautiful Sunshine,이은상,897,4곡,2021.09.01,국내
오늘은 가지마 (2021),환희,810,2곡,2021.09.01,국내
Talk & Talk,프로미스나인,2835,1곡,2021.09.01,국내
처음 본 순간부터,청담동 8비트,11,2곡,2021.09.02,국내
Still On My Mind,파인 (FiNE),45,2곡,2021.09.02,국내
나라는 식물을 키워보기로 했다 OST,차소연,45,1곡,2021.09.02,국내
Louise on Highway,제인팝,29,2곡,2021.09.02,국내
아기쥐를 사랑한 그림자,팻두,33,1곡,2021.09.02,국내
에스토릴,태윤 (TAEYOON),29,5곡,2021.09.02,국내
Closing,CHILDDIAHN (차일디안),15,1곡,2021.09.02,국내
잠은 안 오고 밤은 기네,차우 (Chawoo),52,1곡,2021.09.02,국내
Captain America,OTHANKQ (오땡큐),12,1곡,2021.09.02,국내
4-3,KIRARA (키라라),43,5곡,2021.09.02,국내
Fake it until you make it,도리토리,34,1곡,2021.09.02,국내
잘 지내요,조여래,18,1곡,2021.09.02,국내
비 (In The Rain),"소울맨, 태하",23,1곡,2021.09.02,국내
현기증 (Dizzy),W.A.O (위아더원),69,4곡,2021.09.02,국내
두 번째 남편 OST Part.2,김추리,16,2곡,2021.09.02,국내
더 로드 : 1의 비극 OST Part 2,정인,99,2곡,2021.09.01,국내
저녁에 만나,공도하,14,1곡,2021.09.02,국내
한번쯤은,여은,72,2곡,2021.09.01,국내
To Yesterday,남새라,76,1곡,2021.09.01,국내
미끼닛브라운 0.5,"Skinny Brown, Minit",899,2곡,2021.09.01,국내
니가 반짝거려,심현보,55,2곡,2021.09.01,국내
노력의 천재 2,스카이민혁 (Skyminhyuk),288,16곡,2021.09.01,국내
SWIM,homezone,76,2곡,2021.09.01,국내
더 플레이리스트 Part.7,골든차일드,463,1곡,2021.09.01,국내
마음숲,알틴비(Artinb),21,1곡,2021.09.01,국내
THE EARTH : SECRET MISSION Chapter.1,MCND,295,6곡,2021.08.31,국내
시간을 거슬러 (낮에 뜨는 달 X 케이윌),케이윌,2351,2곡,2021.08.31,국내
Dingo X Dejavu Group 'Wrote This Tomorrow',"BewhY (비와이), Viann, Khundi Panda, Son Simba (손 심바), 으네 (UNE), 최엘비 (CHOILB)",1030,9곡,2021.08.31,국내
다이아몬드 호텔 OST 1st,"윤송아, 태건",30,1곡,2021.09.01,국내
디지털가족 OST Part 1,멜로틱,12,5곡,2021.09.01,국내
춘몽 (春夢),Mingginyu (밍기뉴),171,2곡,2021.09.01,국내
MASK,해든 (HAEDEUN),25,1곡,2021.09.01,국내
나를 너에게,신지,225,2곡,2021.08.31,국내
WHEN SUMMER ENDS,JAE HUN,19,5곡,2021.09.01,국내
2,615,45,3곡,2021.09.01,국내
아침에 눈을 떴을 때,필통,18,2곡,2021.09.01,국내
Sketch,이즈(IZZ),17,1곡,2021.09.01,국내
Bonfire,moza,9,1곡,2021.09.01,국내
사랑해 널 아직도 난 널,모닝커피 (Morning Coffee),26,2곡,2021.09.01,국내
natural high,나플라 (nafla),2394,13곡,2021.08.31,국내
너에게 하고 싶은 말 (경찰수업 OST Part.6),정동하,288,2곡,2021.08.31,국내
별이 될 수만 있다면,주대건,45,2곡,2021.09.01,국내
Love Actually,지진석,115,2곡,2021.08.31,국내
Paradise,시즈닝 (Seasoning),25,1곡,2021.08.31,국내
안녕?!,프리티지 (PRITTI-G),105,1곡,2021.08.31,국내
주유소,Asher (에이셔),25,2곡,2021.08.31,국내
정당방위 - Scene no.1,Soffee,7,1곡,2021.09.01,국내
GOT IT,지우 (ZIU),17,2곡,2021.09.01,국내
홍천기 OST Part.1,백현 (BAEKHYUN),13277,2곡,2021.08.31,국내
슈퍼밴드2 - Episode.9,Various Artists,401,4곡,2021.08.31,국내
Cool,N.Jiny,2,1곡,2021.09.01,국내
행운아,송웨이고야 (Songwaygoya),77,3곡,2021.08.31,국내
20 Life,GYU HYUK,87,2곡,2021.08.31,국내
LONELYPEOPLE,BACKGOO,19,2곡,2021.08.31,국내
사랑의 콜센타 PART68,Various Artists,6839,12곡,2021.08.31,국내
No No No No,서교동의 밤,48,2곡,2021.08.31,국내
엘소드 OST : GLORY,SURAN (수란),67,2곡,2021.08.31,국내
G O !,"천석만, Mavin, HAKI (하키), 파랑망또",32,1곡,2021.08.31,국내
4U : OUTSIDE,비투비,11537,6곡,2021.08.30,국내
유 레이즈 미 업(You Raise Me Up) OST Part 1,요아리,49,4곡,2021.08.31,국내
THE FREEZYBONE,프리지본 (FreezyBone),36,7곡,2021.08.31,국내
life vest,Kim Jeong_uk(김정욱),10,1곡,2021.08.31,국내
Hate that...,키 (KEY),8065,1곡,2021.08.30,국내
남아있어 (경찰수업 OST Part.5),유주 (여자친구),1098,2곡,2021.08.30,국내
GENUINE MUSIC 2021 PROJECT VOL.8,"비모 (BMO), 이도이 (Doyi Lee)",22,1곡,2021.08.31,국내
MY LIFE,SINCE,52,1곡,2021.08.31,국내
여전히 특별해,양혁,24,1곡,2021.08.31,국내
하동근 두 번째 디지털 싱글,하동근,41,2곡,2021.08.31,국내
미워하는 마음,임수빈,26,1곡,2021.08.31,국내
눈물을 훔친다 (금혼령 X 김종국),김종국,803,2곡,2021.08.30,국내
BROTHERHOOD,"오왼 (Owen), Ourealgoat (아우릴고트)",660,5곡,2021.08.30,국내
Remake Part 2 어린 시절의 노래,재주소년,55,2곡,2021.08.30,국내
Purple Wave,ROJO (로호),10,1곡,2021.08.31,국내
Like A Cop,heroincity,11,1곡,2021.08.31,국내
Hottest (feat. 브리엘 (Briel)),Northfacegawd,105,1곡,2021.08.30,국내
Think about you,JERO,29,1곡,2021.08.30,국내
www.nfa.co.kr,"moonc, gracie (그레이시), 75(CHIRO)",21,5곡,2021.08.30,국내
Walking,도하,28,1곡,2021.08.30,국내
엄마의 노래,"조동희, 융진, 임주연, 박혜리, 장필순",96,5곡,2021.08.30,국내
WE-YOU,키디비 (KittiB),105,1곡,2021.08.30,국내
Hands On Me (Feat. 픽보이 (Peakboy)),키세스 (KISSXS),56,1곡,2021.08.30,국내
춘몽,2단지,77,1곡,2021.08.30,국내
세 번째 '고백',멜로망스,1977,2곡,2021.08.29,국내
Phase 1,CED'S,11,3곡,2021.08.31,국내
보고 싶은 날이야,휘현,98,2곡,2021.08.29,국내
The Thumb,TIGER EATS TOAST,4,3곡,2021.08.31,국내
The Good Days Boys Vol.4,"Rovv, Sweet The Kid",40,2곡,2021.08.30,국내
거짓말일 거라고 (Prod. 13EAT),주로키 (JUROKEY),27,1곡,2021.08.30,국내
웃자,"장정한, 이영현",152,2곡,2021.08.29,국내
연애의 참견 2021 OST - Part.18,김미정 (yourbeagle),108,2곡,2021.08.29,국내
Surf,Paxy (팍시),21,4곡,2021.08.30,국내
너를 보면,Jemiro Project,4,1곡,2021.08.30,국내
Smugglin' for Love,"SMUGGLERS, RHODY",70,7곡,2021.08.29,국내
미치지 않고서야 OST,Various Artists,131,20곡,2021.08.30,국내
dong dong !,김박재재,20,1곡,2021.08.30,국내
Designed by blue,bluedsgn (블루디자인),23,3곡,2021.08.30,국내
ICN TALK,King Bart X nbdy kim,6,5곡,2021.08.30,국내
지쳐가,더 브릿지 (The Bridge),21,2곡,2021.08.30,국내
Cream,Agustin,13,2곡,2021.08.30,국내
9월에 첫눈이 내리면,옌(YEN),138,2곡,2021.08.29,국내
돌아가자,사멀,17,1곡,2021.08.30,국내
사랑해야해 (2021 New Version),수와 진,40,2곡,2021.08.30,국내
아직 봄,추윤정,11,2곡,2021.08.30,국내
PUZZLE,iru,35,2곡,2021.08.30,국내
Wave,ZEEV (지브),26,10곡,2021.08.30,국내
Time Trouble,안병웅,309,2곡,2021.08.29,국내
Day&Night,"디 애프터 (The After), Ja Mezz",80,2곡,2021.08.29,국내
하루 끝,윤한솔,128,2곡,2021.08.29,국내
Better than a Diamond,whychan (와이찬),14,1곡,2021.08.29,국내
WHAT IS LOVE,"KODI GREEN, Seiren (세이렌)",13,1곡,2021.08.29,국내
나에게 담긴 너의 밤,박은별,53,2곡,2021.08.29,국내
불꽃놀이,하현상,3213,2곡,2021.08.28,국내
CORAL,김유나,162,5곡,2021.08.28,국내
"우리가 사랑한 그 노래, 새가수 Episode 7",Various Artists,103,9곡,2021.08.29,국내
야화첩 OST,안예은,1999,2곡,2021.08.28,국내
멕시코,마이티 마우스,71,1곡,2021.08.28,국내
조선판스타 Part.2,Various Artists,7,5곡,2021.08.29,국내
My Shiny Time,지우 (에메랄드캐슬),24,8곡,2021.08.29,국내
성경의 역사 소곡집 下(하),"Kei (러블리즈), 신해경",349,2곡,2021.08.28,국내
이벤트를 확인하세요 OST Part.3,사훈,40,2곡,2021.08.28,국내
Antihero,Dayday (데이데이),58,7곡,2021.08.28,국내
singularity,Sunset On The Bridge,13,4곡,2021.08.29,국내
겐세이 (牽制),워터프레쉬샤워 (WaterFreshShower),13,2곡,2021.08.29,국내
판도라,오영,27,1곡,2021.08.29,국내
사랑을 설명할 수 있다면,유난이,46,3곡,2021.08.29,국내
DRIVEANDLOVE,Deepshower (딥샤워),122,9곡,2021.08.28,국내
[Vol.108] 유희열의 스케치북 : 일흔번째 목소리 '유스케 X 2F',"2F (신용재, 김원주)",139,1곡,2021.08.28,국내
Love Balloon,Senaa,12,1곡,2021.08.29,국내
D.P. OST,Various Artists,1853,11곡,2021.08.28,국내
"알고있지만, OST",Various Artists,642,25곡,2021.08.28,국내
마녀식당으로 오세요 OST Special,Various Artists,72,21곡,2021.08.28,국내
불후의 명곡 - 대한민국 록의 자존심 아티스트 들국화 전인권 편 1부,Various Artists,30,6곡,2021.08.28,국내
MOMENT,DUE,25,3곡,2021.08.28,국내
지나간 여름을 안타까워마,위수 (WISUE),515,5곡,2021.08.28,국내
I Don't Wanna Leave (feat. Jeremih),PRETTYMUCH (프리티머치),18,1곡,2021.09.10,해외
it never ends,Marian Hill,17,1곡,2021.09.15,해외
The Melodic Blue,Baby Keem,209,16곡,2021.09.10,해외
Under The Sun,Cuco,15,1곡,2021.09.16,해외
PULL UP (Feat. Nile Rodgers),"J. Rey Soul, Will.I.Am",7,1곡,2021.09.10,해외
Hold Me in the Moonlight,Goody Grace,3,1곡,2021.09.15,해외
The Nowhere Inn,St. Vincent,11,1곡,2021.09.14,해외
Nonchalant,Melissa Polinar,4,1곡,2021.09.16,해외
pretty poison,Nessa Barrett,6,7곡,2021.09.10,해외
Social Stamina,Rosie,9,1곡,2021.09.10,해외
No Numbers,JAMIE (제이미),467,1곡,2021.09.15,해외
Right Track,"Syd, Smino",44,1곡,2021.09.10,해외
Don't Go Changing,"88rising, Ylona Garcia",21,1곡,2021.09.14,해외
I Got,YUNG TERP,1,1곡,2021.09.10,해외
Love Under Pressure,James Blunt,15,1곡,2021.09.10,해외
Somethinggreater (Single Version),Parcels,22,3곡,2021.09.15,해외
You Lose!,Magdalena Bay,2,1곡,2021.09.15,해외
Dawn,Yebba,31,12곡,2021.09.10,해외
V12,iann dior,38,1곡,2021.09.14,해외
Calling All Angels,Chelsea Cutler,19,1곡,2021.09.10,해외
I Wanna See You Smile,Aquilo,10,1곡,2021.09.16,해외
Sangre Poderosa,Andrekza,0,1곡,2021.09.16,해외
God's Talent,Lucien Parker,1,1곡,2021.09.16,해외
Fancy Like (feat. Kesha),Walker Hayes,4,2곡,2021.09.10,해외
Astronomical,Masked Wolf,344,17곡,2021.09.10,해외
Have Mercy,Chloe,17,1곡,2021.09.10,해외
Sad Boy (feat. Ava Max & Kylie Cantrall),"R3hab, Jonas Blue",32,1곡,2021.09.10,해외
star-crossed,Kacey Musgraves,60,15곡,2021.09.10,해외
lips,Alaina Castillo,5,1곡,2021.09.15,해외
Stormy Skies (Diamonds),Josie Man,5,1곡,2021.09.08,해외
Crash,Clara Mae,21,1곡,2021.09.10,해외
Ways Of Love,Bahari,7,1곡,2021.09.10,해외
Sleep (Deluxe),Dolly Ave,5,8곡,2021.09.13,해외
Lonely,"DaBaby, Lil Wayne",70,1곡,2021.09.09,해외
i hope you're very unhappy without me,Maria Isabel,8,8곡,2021.09.10,해외
Adi Oasis,Adeline,5,7곡,2021.09.10,해외
Aeroplane,"Paradigm, Jean Juan, BELLA X",2,1곡,2021.09.15,해외
One Two Free Fall,GRO,1,1곡,2021.09.15,해외
Before I Die,박혜진,23,15곡,2021.09.14,해외
If It Weren’t For You,Christopher,201,1곡,2021.09.10,해외
Texis,Sleigh Bells,13,11곡,2021.09.10,해외
24/5,Mimi Webb,31,1곡,2021.09.10,해외
The Announcement,G-Eazy,22,1곡,2021.09.08,해외
I Don't Wanna Talk (I Just Wanna Dance),Glass Animals,20,1곡,2021.09.10,해외
I'm Ugly,Ramengvrl,3,1곡,2021.09.10,해외
Break,WizTheMc,12,1곡,2021.09.10,해외
N. Michigan Gospel,99 Neighbors,27,3곡,2021.09.10,해외
Angel Baby,Troye Sivan,1155,1곡,2021.09.10,해외
Be Free (feat. Gallie Fisher),Digital Skies,1,1곡,2021.09.14,해외
Way Back Home (Feat. Kyra Mastro),Famba,7,1곡,2021.09.10,해외
Shivers,Ed Sheeran,4375,3곡,2021.09.10,해외
One Day,몬스타엑스,5438,1곡,2021.09.10,해외
Walker Racing League,Alan Walker,204,6곡,2021.09.10,해외
LALA (Unlocked) (Feat. Swae Lee),Alicia Keys,41,1곡,2021.09.09,해외
The Metallica Blacklist,Metallica,155,53곡,2021.09.10,해외
after goodbye,Jasmine Thompson,77,3곡,2021.09.09,해외
JOSE,J. Balvin,23,24곡,2021.09.10,해외
Less Of A Man,Zak Abel,24,1곡,2021.09.09,해외
this is no longer a dream,anaiis,9,12곡,2021.09.13,해외
ok time,corner club,7,1곡,2021.09.13,해외
Fire,The Bug,7,14곡,2021.09.13,해외
My Love,"Addy Ace, Vic Roz",0,1곡,2021.09.13,해외
I'm Sorry,Josef Salvat,19,1곡,2021.09.10,해외
Under The Weather,Homeshake,40,12곡,2021.09.10,해외
"Big Persona (Feat. Tyler, The Creator)",Maxo Kream,10,1곡,2021.09.07,해외
Gentle Bones,Gentle Bones,10,7곡,2021.09.10,해외
Skinny Dipping,Sabrina Carpenter,72,1곡,2021.09.09,해외
Lunatic,UPSAHL,38,1곡,2021.09.03,해외
More,Sam Ryder,562,2곡,2021.09.03,해외
Sucker For That Love,Robin Packalen,14,1곡,2021.09.03,해외
Piece Of Me,"Gryffin, LOVA",34,1곡,2021.09.08,해외
No Time For Sleep (Freestyle),Bobby Shmurda,18,1곡,2021.09.03,해외
Unknown Male 01,Biffy Clyro,7,1곡,2021.09.03,해외
Te Ao Mārama,Lorde,47,5곡,2021.09.09,해외
Monument,DARKMINDS,5,9곡,2021.09.10,해외
Digital Tears,RIMON,11,6곡,2021.09.10,해외
It Almost Seems As Yesterday,The Grenadines,2,2곡,2021.09.10,해외
Pause,LiAURORA,2,1곡,2021.09.10,해외
Don’t Waste My Time,MT11,2,1곡,2021.09.10,해외
Like the Water,Patrick Droney,16,1곡,2021.09.03,해외
Happy Holidays / The Holiday Season,Darren Criss,6,1곡,2021.09.08,해외
영화 '샹치와 텐 링즈의 전설' OST,"NIKI, DJ Snake, 88rising",1100,18곡,2021.09.03,해외
Love (Sweet Love),Little Mix,110,1곡,2021.09.03,해외
Razor's Edge (feat. X Ambassadors),Masked Wolf,12,1곡,2021.09.02,해외
Ground Control,Rudimental,100,16곡,2021.09.03,해외
I Don't Want You,"Riton, RAYE",18,1곡,2021.09.03,해외
Shit Show,Peter McPoland,3,1곡,2021.09.03,해외
Guerrilla / Sexy Villain,Remi Wolf,14,2곡,2021.09.08,해외
Runaway With It,HRVY,36,1곡,2021.09.03,해외
The Feeling's Mutual,Maty Noyes,15,16곡,2021.09.03,해외
Way Back Home,"VIZE, Anna Grey",6,1곡,2021.09.03,해외
Pacifico (Deluxe),Surfaces,79,20곡,2021.09.03,해외
that way (with Jeremy Zucker),Tate McRae,54,1곡,2021.09.03,해외
Was It Even Real?,Will Jay,9,1곡,2021.09.09,해외
Timekeeper,Thom Donovan,3,11곡,2021.09.09,해외
Bury Me Alive,"Synymata, neverwaves",1,1곡,2021.09.09,해외
Blue Notes 2 (feat. Lil Uzi Vert),Meek Mill,23,1곡,2021.09.01,해외
Majesty (Where We Gonna Take It),Common,17,1곡,2021.09.07,해외
Full Circle,Hamzaa,26,7곡,2021.09.03,해외
Heals Me,JMSN,36,10곡,2021.09.03,해외
Division,Jenevieve,109,12곡,2021.09.03,해외
Daily Duppy (Don't Cry),"ENNY, GRM Daily",2,1곡,2021.09.05,해외
Falling Water,Forester,26,1곡,2021.09.03,해외
Dawn Of Chromatica,Lady Gaga,230,14곡,2021.09.03,해외
Feels Like Summer (Acoustic),Samuel Jack,6,3곡,2021.09.02,해외
I'll Be There,"Wildvibes, Tim Grand, Sandy Sax",3,1곡,2021.09.08,해외
Tomorrow's People,Shire T,7,9곡,2021.09.08,해외
Acapulco,Jason Derulo,36,1곡,2021.09.03,해외
I Still Have Faith In You / Don't Shut Me Down,ABBA,165,2곡,2021.09.02,해외
Crazy Driving,Galdive,22,1곡,2021.09.03,해외
Senjutsu,Iron Maiden,20,10곡,2021.09.03,해외
Only Us (From The “Dear Evan Hansen” Original Motion Picture Soundtrack),"Ben Platt, Carrie Underwood, Dan + Shay",29,2곡,2021.08.11,해외
damnshestamil,Priya Ragu,5,10곡,2021.09.03,해외
Skyscrapers (Remixes) (Edited Ver.),Nina Kraviz,0,9곡,2021.09.03,해외
Stranger (for now),Matilda Mann,25,1곡,2021.09.02,해외
MÉTELE AL PERREO,Daddy Yankee,7,1곡,2021.09.03,해외
10 Steps,Christian Leave,11,1곡,2021.09.03,해외
Certified Lover Boy,Drake,1490,21곡,2021.09.03,해외
Clouds,Jordan Rakei,19,4곡,2021.09.07,해외
N.T.B.M.,Lauren Presley,7,1곡,2021.09.07,해외
This Broken Home,Will Bowes,2,1곡,2021.09.07,해외
Venomous Moon,"The Rasmus, Apocalyptica",6,1곡,2021.09.06,해외
Cinderella (Soundtrack from the Amazon Original Movie),Cinderella Original Motion Picture Cast,136,19곡,2021.09.03,해외
Mercury - Act 1,Imagine Dragons,976,13곡,2021.09.03,해외
Good Ones,Charli XCX,76,1곡,2021.09.02,해외
gg bb xx,LANY,1008,12곡,2021.09.03,해외
Evering Road (Special Edition),Tom Grennan,91,21곡,2021.09.03,해외
Exposure (Feat. PmBata),404vincent,2,1곡,2021.09.03,해외
Billie (Loving Arms),Fred again..,0,1곡,2021.08.31,해외
soda stream sky,"Powfu, KNOWN.",69,1곡,2021.09.03,해외
The 90s,FINNEAS,14,1곡,2021.09.02,해외
Turn It Up (feat. Tommy Cash),"Oliver Tree, Little Big",10,1곡,2021.09.02,해외
Dodging Hell,"Gill Chang, Bear Bear & Friends",9,1곡,2021.09.06,해외
Please Don't Go,"SANDMO, Vinil",1,1곡,2021.09.06,해외
SG8*,Duckwrth,32,8곡,2021.09.03,해외
Hourglass (with Yung Baby Tate),James Vickery,8,1곡,2021.09.02,해외
Meanwhile EP,Gorillaz,30,3곡,2021.08.26,해외
Oh shit…are we in love?,Valley,68,1곡,2021.09.01,해외
Self Sabotage,MASN,14,1곡,2021.08.27,해외
NEED,3OH!3,12,11곡,2021.08.27,해외
All Over The Place (Deluxe),KSI,19,21곡,2021.08.27,해외
A Force Majeure,Tora,11,11곡,2021.09.03,해외
Boys That Look Like You,Emily Roberts,7,1곡,2021.08.27,해외
Blue Emerald,Rich Gang,3,1곡,2021.08.27,해외
If It's Love,Sting,59,1곡,2021.09.01,해외
Wish You Were Here (feat. Wink XY),"Vicetone, Willim",19,2곡,2021.08.26,해외
QUEEN,Caroline Kole,7,8곡,2021.09.03,해외
Feels Like,Deerock,2,1곡,2021.09.03,해외
Dawn,Arbirk,2,1곡,2021.09.03,해외
All That She Wants,Arnny Montana,2,1곡,2021.09.03,해외
Life of The Party (feat. Young T & Bugsey),Kranium,2,1곡,2021.08.27,해외
Time After Time,Pat Lok,5,1곡,2021.08.27,해외
Human (Deluxe),OneRepublic,213,16곡,2021.08.27,해외
Sharing Locations (feat. Lil Baby & Lil Durk),Meek Mill,30,1곡,2021.08.27,해외
Soundtrack to an Existential Crisis,Au/Ra,25,9곡,2021.08.27,해외
OHMAMI (With Maggie Lindemann),"Chase Atlantic, Maggie Lindemann",10,1곡,2021.09.01,해외
Particles (Edit),Damon Albarn,13,2곡,2021.09.01,해외
Notice Me (feat. Ruel),Dylan J,2,1곡,2021.08.26,해외
Perra,"J. Balvin, Tokischa",3,1곡,2021.08.27,해외
You Know Me so Well,Toby Corton,1,1곡,2021.09.01,해외
Emotions,"Mark Mendy, Paradigm",2,1곡,2021.09.02,해외
IIUII,Fink,11,16곡,2021.09.02,해외
Wish You Did,Jonah Kagen,8,1곡,2021.08.27,해외
our neighbors.,will hyde,8,1곡,2021.09.01,해외
Hide and Seek,Peder Elias,202,1곡,2021.08.27,해외
You Signed Up For This,Maisie Peters,353,14곡,2021.08.27,해외
justified,Kacey Musgraves,11,1곡,2021.08.27,해외
We Love You Tecca 2,Lil Tecca,107,20곡,2021.08.27,해외
Show Runner 99,Ritt Momney,12,1곡,2021.08.27,해외
GLOW ON,Turnstile,12,15곡,2021.08.27,해외
Justine Go Genesis,Sleigh Bells,1,1곡,2021.08.27,해외
Thirteen,Joshua Speers,3,1곡,2021.08.27,해외
He's All That (Music From The Netflix Film),Various Artists,36,16곡,2021.08.27,해외
Donda,Kanye West,6185,27곡,2021.08.29,해외
Princess,Eugenie,3,1곡,2021.09.01,해외
I Like Me Better,LO,1,1곡,2021.09.01,해외
ST. LUKE ST.,Devn,5,8곡,2021.09.01,해외
Heartland,Nelly,28,9곡,2021.08.27,해외
Right Now (feat. Travis Barker),Jasiah,2,1곡,2021.08.27,해외
Don't You Hold Me Down,"Alan Walker, Georgia Ku",195,1곡,2021.08.27,해외
One Night,Griff,62,1곡,2021.08.26,해외
999,"Selena Gomez, Camilo",81,1곡,2021.08.26,해외
I Want It All,The Script,55,1곡,2021.08.27,해외
Okay!,"DJ SODA, Lost Chameleon, 모모랜드 (MOMOLAND)",30,1곡,2021.08.27,해외
Character Development,Evann McIntosh,7,8곡,2021.08.27,해외
Good Things Take Time,Aidan Martin,6,1곡,2021.08.27,해외
Screen Violence,CHVRCHES,100,10곡,2021.08.27,해외
Creep,carolesdaughter,11,1곡,2021.08.27,해외
"If I Can’t Have Love, I Want Power",Halsey,389,13곡,2021.08.27,해외
Galipette (BIBI Remix),"Lolo Zouai (롤로 주아이), 비비 (BIBI)",560,1곡,2021.08.26,해외
COMING HOME (feat. NIKI),HONNE,1709,4곡,2021.08.27,해외
Losing You,Ben Chandler,12,3곡,2021.08.30,해외
Sunshine (From the Motion Picture “Ron’s Gone Wrong”),Liam Payne,50,1곡,2021.08.27,해외
Lovin' Every Minute,"AREA21, Martin Garrix, Maejor",41,1곡,2021.08.27,해외
Simon Say (Feat. Flo Milli),Destiny Rogers,36,1곡,2021.08.27,해외
Now or Never,Quando Rondo,10,1곡,2021.08.25,해외
When You Were Mine,Joy Crookes,19,1곡,2021.08.24,해외
Another Life,Surf Mesa,15,1곡,2021.08.27,해외
Vibrate,"IV JAY, 지소울 (GSoul)",61,1곡,2021.08.26,해외
I Need You,박혜진,10,3곡,2021.08.30,해외
Sleeping In,Jye,2,1곡,2021.08.27,해외
Next To Me,"Gill Chang, Bear Bear & Friends",4,1곡,2021.08.30,해외
"roll over, baby",LANY,221,1곡,2021.08.25,해외
"Saturday Night, Sunday Morning",Jake Bugg,41,11곡,2021.08.20,해외
Risk It All,"Ella Henderson, The House Gospel Choir, Just Kiddin",16,1곡,2021.08.20,해외
Burning Bridges,Sigrid,65,1곡,2021.08.25,해외
Red Lights (feat. Wale),RINI,30,1곡,2021.08.20,해외
Dreams Unfold,"Joyner Lucas, Lil Tjay",38,1곡,2021.08.25,해외
How Long Do You Think It's Gonna Last?,Big Red Machine,22,15곡,2021.08.27,해외
MONA LISA,UPTOWN BOYBAND,8,1곡,2021.08.25,해외
Wildfire,"Arc North, LILO, Rynn",4,1곡,2021.08.27,해외
Chewing Gum,Cian Ducrot,7,1곡,2021.08.20,해외
NGMF,"Gammer, Riot Ten",3,1곡,2021.08.27,해외
Interference,"Isaac Solo, Kenneth Takanami",1,1곡,2021.08.27,해외
All This To Live for,Emmit Fenn,21,3곡,2021.08.25,해외
Cheers to the Best Memories,"dvsn, Ty Dolla $ign",294,11곡,2021.08.20,해외
Adidas,Finn Askew,32,1곡,2021.08.20,해외
"I'm So Good at Lying (Feat. Powfu, Thomas Reid)",Rxseboy,14,1곡,2021.08.20,해외
star-crossed,Kacey Musgraves,14,1곡,2021.08.23,해외
Supersonic,Dylan Fraser,43,3곡,2021.08.20,해외
Tyler Shaw,Tyler Shaw,29,11곡,2021.08.20,해외
Songs From Monte Nido,Liza Owen,6,6곡,2021.08.20,해외
I Got A Feeling,"Felix Jaehn, Robin Schulz",22,1곡,2021.08.20,해외
One Mississippi,Kane Brown,8,1곡,2021.08.20,해외
In The Dark,"Swae Lee, Jhene Aiko",98,1곡,2021.08.20,해외
Conejita En La Playa,Ryan Mitchell Grey,1,1곡,2021.08.26,해외
Overtime,The Strike,2,1곡,2021.08.26,해외
Summertime in New York,aboywithabag,1,1곡,2021.08.26,해외
Titanic,Cosmo's Midnight,43,1곡,2021.08.19,해외
Runaway,"R3hab, Sigala, JP Cooper",76,1곡,2021.08.20,해외
Buzzed,BENNETT,5,1곡,2021.08.19,해외
Foreign Things,Amber Mark,16,1곡,2021.08.23,해외
Beautiful and Golden (The Sisterhood Song),Samantha Jade,13,1곡,2021.08.20,해외
Weddings and Funerals,Jake Wesley Rogers,2,1곡,2021.08.20,해외
Winnie Crush,"merci, mercy",4,1곡,2021.08.25,해외
XL,SILVY,4,1곡,2021.08.20,해외
Tick Tock,Young Thug,61,1곡,2021.08.20,해외
Life Is Not The Same,James Blake,30,1곡,2021.08.20,해외
POCKET ROCKET,Cochise,6,1곡,2021.08.20,해외
BIRTHDAY MIX 6,Lil Yachty,41,9곡,2021.08.23,해외
Don’t Wanna Wait (VIP Mix),"DLMT, Laura Davie",3,1곡,2021.08.25,해외
In the Beginning Vol. 1,"Declaime, Madlib",6,13곡,2021.08.25,해외
Played Out,Alex Aiono,8,1곡,2021.08.25,해외
Don’t Go,"Skrillex, Justin Bieber, Don Toliver",380,1곡,2021.08.20,해외
Over You is You (Feat. Matt Stell),Tenille Arts,2,1곡,2021.08.13,해외
Chasing Stars,"Alesso, Marshmello",90,1곡,2021.08.20,해외
The Store,Mills,15,2곡,2021.08.18,해외
Stratego,Iron Maiden,11,1곡,2021.08.19,해외
cool enough,almost monday,54,1곡,2021.08.20,해외
Never Enough,Disclosure,69,10곡,2021.08.22,해외
"Run It Up (Feat. Sleepy Hallow, A Boogie Wit Da Hoodie)",Sheff G,3,1곡,2021.08.18,해외
When We Move,Common,7,1곡,2021.08.20,해외
Perfume,Del Water Gap,4,1곡,2021.08.18,해외
Low Era,Geese,1,2곡,2021.08.24,해외
Throwaway,"Going Deeper, Veronica Bravo",5,1곡,2021.08.24,해외
Southside Island,"Moguai, NIINO",5,1곡,2021.08.24,해외
I Feel Good,Pitbull,21,1곡,2021.08.20,해외
Message in a Bottle,Livingston,16,1곡,2021.08.18,해외
The Mission,Bakar,7,1곡,2021.08.19,해외
Summer Of Love,"Shawn Mendes, Tainy",381,1곡,2021.08.20,해외
"A Little Space (feat. YUNHO, SAN, JONGHO of ATEEZ)","Pentatonix, ATEEZ (에이티즈)",920,1곡,2021.08.20,해외
Cry with you,Jeremy Zucker,279,1곡,2021.08.20,해외
Hold On Tight,"Jesse Barrera, Albert Posis",49,1곡,2021.08.20,해외
Solar Power,Lorde,278,12곡,2021.08.20,해외
Life Is Strange,Angus & Julia Stone,43,12곡,2021.08.20,해외
I GUESS I'M IN LOVE,Clinton Kane,35,1곡,2021.08.20,해외
Sheesh!,"Surfaces, Tai Verdes",54,1곡,2021.08.20,해외
Send My Love,Jordan Rakei,17,3곡,2021.08.23,해외
Initium,Pushing Daizies,11,12곡,2021.08.23,해외
SIERRA NIGHTS (Feat. Ryan Beatty),Kevin Abstract,13,1곡,2021.08.19,해외
Dance Dance,"Thierry Von Der Warth, Chris Willis",1,3곡,2021.08.23,해외
Reaching Out,Dillon Francis,17,1곡,2021.08.20,해외
UNCHARTED,"S1NE, hello, Biosphere",11,1곡,2021.08.20,해외
"never mind, let's break up",LANY,320,1곡,2021.08.19,해외
Avalanche,James Arthur,48,1곡,2021.08.13,해외
Good Things,Dan + Shay,2188,12곡,2021.08.13,해외
Ben & Jerry,salem ilese,53,1곡,2021.08.19,해외
Running Wild (Tumblr Girls 2) (Feat. Kossisko),G-Eazy,15,1곡,2021.08.18,해외
Quiet On Set / Grumpy Old Man,Remi Wolf,25,2곡,2021.08.18,해외
Psychedelic Views (feat. IDK),Sad Night Dynamite,1,1곡,2021.08.18,해외
Just for me,PinkPantheress,13,1곡,2021.08.13,해외
Loving In Stereo,Jungle,31,14곡,2021.08.20,해외
"running cold, Pt. 2",Jai Waetford,7,1곡,2021.08.13,해외
High Sometimes,Alt Bloom,8,1곡,2021.08.13,해외
Reverie,Ben Platt,52,13곡,2021.08.13,해외
OUT OUT (feat. Charli XCX & Saweetie),"Joel Corry, Jax Jones",22,1곡,2021.08.13,해외
RESPECT (Original Motion Picture Soundtrack) 영화 <리스펙트> OST,Jennifer Hudson,43,18곡,2021.08.13,해외
Run It,"DJ Snake, Rick Ross, Rich Brian",50,1곡,2021.08.13,해외
Babys (AIR Studios – 4AD/Jagjaguwar Session),Bon Iver,10,1곡,2021.08.16,해외
Billion Dollar Bitch (feat. Yung Baby Tate),Mia Rodriguez,38,1곡,2021.08.12,해외
Outside,Weston Estate,8,1곡,2021.08.13,해외
Dirt,Keane,56,4곡,2021.08.13,해외
Mmm Hmm,NLE Choppa,10,1곡,2021.08.13,해외
Swing,José González,13,1곡,2021.08.18,해외
Only Fanz,Sean Paul,2,1곡,2021.08.12,해외
Summer Of Love,"Aluna, Punctual",7,1곡,2021.08.19,해외
Yesterday,Viva La Panda,6,2곡,2021.08.19,해외
No Soap,"Lilianna Wilde, Midnight Village",6,1곡,2021.08.19,해외
Love Me Now (Feat. Zoe Wees),Kygo,114,1곡,2021.08.13,해외
INFERNO,"Sub Urban, Bella Poarch",88,1곡,2021.08.13,해외
Read My Mind (Feat. Yung Bleu),Lonr.,12,1곡,2021.08.13,해외
hate u cuz i don't,"Louis The Child, Bea Miller",14,1곡,2021.08.13,해외
abcdefu,Gayle,157,1곡,2021.08.13,해외
strawberry cheesecake,Dempsey Hope,25,1곡,2021.08.11,해외
Off My Neck,Carlie Hanson,15,1곡,2021.08.13,해외
"Goodbye, Me",CAL,7,1곡,2021.08.13,해외
Call My Name,JP Cooper,22,1곡,2021.08.13,해외
Clear Eyes,Mokita,34,1곡,2021.08.18,해외
Life Has Just Begun,Rene Rodrigezz,6,2곡,2021.08.18,해외
Derealization,Santiago,2,1곡,2021.08.18,해외
"Essence (Feat. Justin Bieber, Tems)",WizKid,35,1곡,2021.08.13,해외
misery lake,blackbear,416,6곡,2021.08.13,해외
Don't Be Shy,"Tiesto, Karol G",22,1곡,2021.08.12,해외
You Can Have It,Chelsea Cutler,21,1곡,2021.08.13,해외
Backseat (with Brasstracks),"goodboy noah, Brasstracks",8,1곡,2021.08.13,해외
Bop,Masked Wolf,13,1곡,2021.08.12,해외
Indecisive (Feat. Tommy Genesis),spill tab,9,1곡,2021.08.10,해외
Que Locura,J. Balvin,11,1곡,2021.08.13,해외
Rumors (feat. Cardi B),Lizzo,512,1곡,2021.08.13,해외
Cold Heart (PNAU Remix),"Elton John, Dua Lipa",165,1곡,2021.08.13,해외
When Facing the Things We Turn Away From,Luke Hemmings,280,12곡,2021.08.13,해외
Like A Prayer,"Madism, Masove, Brendan Mills",3,1곡,2021.08.17,해외
5AM Empanada with You (feat. Bubble Tea and Cigarettes),TYLERxCORDY,2,1곡,2021.08.16,해외
Lavish,"JGrrey, Finn Askew",15,1곡,2021.08.13,해외
Next to Me,RUFUS DU SOL,14,2곡,2021.08.11,해외
everything sucks,"vaultboy, 에릭남 (Eric Nam)",165,2곡,2021.08.13,해외
Slow Down (Feat. Lucky Daye),VanJess,33,1곡,2021.08.13,해외
"If This Isn’t Nice, I Don’t Know What Is",Still Woozy,62,13곡,2021.08.13,해외
BLUFFIN (feat. Mason Dane),Creed Tha Kid,1,1곡,2021.08.12,해외
Reflect,Tom Kitt,6,13곡,2021.08.13,해외
Can't Let Go,"Robert Plant, Alison Krauss",5,1곡,2021.08.12,해외
Pressure Machine,The Killers,54,11곡,2021.08.13,해외
A Different Kind of Love,Anthony Lazaro,31,3곡,2021.08.13,해외
"HIT IT (Feat. Saweetie, Lele Pons)",Black Eyed Peas,53,1곡,2021.08.06,해외
papercuts,Machine Gun Kelly,61,1곡,2021.08.12,해외
Every Summertime,NIKI,42,1곡,2021.08.10,해외
Daydream,Johnny Orlando,103,1곡,2021.08.11,해외
Sad Sad Sad,Rosie,14,1곡,2021.08.13,해외
2nd Nature,Kara Marni,18,1곡,2021.08.13,해외
Daddy Issues (Remix),"The Neighbourhood, Syd",12,1곡,2015.11.13,해외
JOY FOR YOUTH (with Sir Chloe),Sam Austins,2,1곡,2021.08.09,해외
Don't Play With My Heart,India Shawn,6,1곡,2021.08.06,해외
Steal My Clothes,Kito,14,1곡,2021.08.06,해외
Beach (Acoustic),Veronica Fusaro,7,1곡,2021.08.13,해외
COCO PEBBLES,Evann McIntosh,4,1곡,2021.08.09,해외
Dystopia,"Mario Ayuda, O.V.R",3,3곡,2021.08.13,해외
"Good Dog, Bad Dream",Hippo Campus,21,5곡,2021.08.06,해외
Stupid Feelings,"220 Kid, LANY",97,1곡,2021.08.06,해외
Oh No!!! (from The Suicide Squad),"Grandson, Vic Mensa, Masked Wolf",25,1곡,2021.08.06,해외
REPEAT IT,"Lil Tecca, Gunna",49,1곡,2021.08.06,해외
Struck By Lightning,Sara Kays,71,7곡,2021.08.06,해외
Profane,ElyOtto,13,1곡,2021.08.06,해외
High Horse,"Nelly, Breland, Blanco Brown",19,1곡,2021.08.06,해외
Buss,Rico Nasty,7,1곡,2021.08.06,해외
Back To The Light (Deluxe),Brian May,17,23곡,2021.08.06,해외
Lazy Susan,"21 Savage, Rich Brian",23,1곡,2021.05.12,해외
Aurora,"Ismail Basaran, Emie",6,1곡,2021.08.12,해외
Silver and Gold,Yung Bae,30,4곡,2021.08.06,해외
Miss You a Little (feat. lovelytheband),Bryce Vine,19,1곡,2021.08.06,해외
No Regrets,"Nea, SHY Martin",28,1곡,2021.08.06,해외
Lose,"KSI, Lil Wayne",26,1곡,2021.08.06,해외
Secrets (Your Fire),Magdalena Bay,3,1곡,2021.08.11,해외
tendency to be a loner,Zachary Knowles,403,11곡,2021.08.06,해외
Place In Me,Luke Hemmings,41,1곡,2021.08.05,해외
The Fear of Missing Out,Chris James,52,9곡,2021.08.11,해외
Stay Down (Feat. Iman Omari),"Mickey Factz, Blu, Nottz",1,3곡,2021.08.11,해외
Keep You,Swizznife,4,1곡,2021.08.11,해외
SUVs (Black on Black),"Jack Harlow, Pooh Shiesty",20,1곡,2021.08.03,해외
Ain't goin' home,Jeffrey Bergmann,0,2곡,2021.08.11,해외
You're Glowing!,Satica,20,6곡,2021.08.06,해외
Please Don't Leave Just Yet,Holly Humberstone,8,1곡,2021.08.04,해외
Concrete Jungle Fever,Jerome Farah,3,1곡,2021.08.04,해외
Skin,Joy Crookes,20,1곡,2021.08.06,해외
i hope ur miserable until ur dead,Nessa Barrett,5,1곡,2021.08.06,해외
New Blood,Gryffin,50,1곡,2021.08.06,해외
Silver Lines,IAMDDB,1,1곡,2021.08.06,해외
Take My Breath,The Weeknd,750,1곡,2021.08.06,해외
Take My Crown,"Carston, LittleKings, Kalkovich",6,1곡,2021.08.10,해외
King's Disease II,Nas,362,15곡,2021.08.06,해외
Lay It All On Me,Johnny Stimson,154,1곡,2021.08.06,해외
"Love Runs Out (Feat. G-Eazy, Sasha Alex Sloan)",Martin Garrix,80,1곡,2021.08.06,해외
Into You,Cat Burns,4,1곡,2021.08.04,해외
A Concert Six Months From Now,FINNEAS,25,1곡,2021.08.05,해외
Bad Habits (The Remixes),Ed Sheeran,158,3곡,2021.08.06,해외
Mordechai Remixes,Khruangbin,20,10곡,2021.08.06,해외
I WANNA BE YOUR SLAVE,"Måneskin, Iggy Pop",28,1곡,2021.08.06,해외
Highway to Hell (feat. Bruce Springsteen & Eddie Vedder),Tom Morello,7,1곡,2021.08.06,해외
Business,"Becky Hill, Ella Eyre",25,1곡,2021.08.06,해외
Blue,Eugenie,6,1곡,2021.08.09,해외
All of This (Jorja Smith X Guilty Beatz),"Jorja Smith, GuiltyBeatz",10,1곡,2021.08.05,해외
Release Me 2,Barbra Streisand,21,10곡,2021.08.06,해외
Trust,PRETTYMUCH (프리티머치),63,1곡,2021.07.30,해외
You Are My High,DJ Snake,33,1곡,2021.07.28,해외
"tinted green (Feat. Mila Moon, Jomie)","Powfu, Mila Moon",73,1곡,2021.07.30,해외
Watch the Sound (Official Soundtrack),Mark Ronson,22,6곡,2021.07.30,해외
PMA (feat. Pale Waves),All Time Low,18,1곡,2021.07.30,해외
Heal Me (Remixes),"Matisse & Sadko, Alex Aris",2,3곡,2021.08.06,해외
Don't Kiss Ur Friends,MAY-A,21,7곡,2021.08.06,해외
Kiss Me (From The Netflix Film “He’s All That”),Cyn,13,2곡,2021.08.04,해외
Title,Annalé (에나레),12,1곡,2021.08.04,해외
Heels (cleopold Remix),NoMBe,4,1곡,2021.08.06,해외
At Will (Feat. EST Gee),G-Eazy,19,1곡,2021.07.30,해외
Lie,Kizz Daniel,2,1곡,2021.08.06,해외
Wide Through The Eyes Of No One,The Steoples,10,10곡,2021.08.06,해외
How To Fly,"Eneko Artola, Soundwaves, Koa",4,1곡,2021.08.06,해외
Positive Procrastination,"Gentle Bones, gamaliél",9,1곡,2021.07.30,해외
Take the Sadness Out of Saturday Night,Bleachers,39,10곡,2021.07.30,해외
Time of my Life,UPSAHL,50,1곡,2021.07.30,해외
Near Life Experience Part One,L Devine,76,7곡,2021.07.30,해외
Everything,WizTheMc,10,1곡,2021.07.30,해외
Where Are You Now,"Lost Frequencies, Calum Scott",27,1곡,2021.07.30,해외
PASTIMES,Hadji Gaviota,15,5곡,2021.08.05,해외
Like A Pro,Kash Doll,2,1곡,2021.07.30,해외
Model Citizen,Meet Me @ The Altar,11,6곡,2021.08.13,해외
Can't Help Falling In Love,Emily Burns,11,2곡,2021.07.30,해외
back to back,"Wrabel, Duncan Laurence",6,1곡,2021.07.30,해외
Truth,Jungle,4,1곡,2021.08.04,해외
coastline,Mehro,4,1곡,2021.08.04,해외
In My Mind,"Alok, John Legend",76,1곡,2021.07.30,해외
Drive (feat. Wes Nelson),"Clean Bandit, Topic",48,1곡,2021.07.30,해외
Enter Sandman,Weezer,13,1곡,2021.08.03,해외
And Then Life Was Beautiful,Nao,13,1곡,2021.07.29,해외
The House Is Burning,Isaiah Rashad,91,16곡,2021.07.30,해외
The Riddle (feat. Lateshift) (Streaming Ver.),Sam Feldt,11,1곡,2021.07.30,해외
Okay,X Ambassadors,17,1곡,2021.07.30,해외
Dear Miss Loretta,Carly Pearce,2,1곡,2021.08.03,해외
I Know Something You Don't Know,Above Envy,4,2곡,2021.08.04,해외
Can't Get Away From Your Love,"Howard Johnson, XL Middleton",1,4곡,2021.08.04,해외
ME & YOU,"Rene Rodrigezz, Ruben Arthur",4,1곡,2021.08.04,해외
What I Like,Destiny Rogers,47,1곡,2021.07.28,해외
Try Again,DallasK,61,1곡,2021.07.30,해외
Dumb,"Jubel, 손승연",89,1곡,2021.08.02,해외
Bad Habits,Sally Boy,8,1곡,2021.07.28,해외
"IT'S OKAY, WE'RE DREAMING",SEB,17,6곡,2021.07.30,해외
En Mi Cuarto,"Jhay Cortez, Skrillex",19,1곡,2021.07.30,해외
Nobody wants me,"Heir, Fudasca",14,1곡,2021.07.28,해외
Vibrate (feat. Pink Sweat$),IV JAY,16,1곡,2021.07.30,해외
All In,Skepta,28,5곡,2021.07.30,해외
It's Gonna Be OK,BANNERS,17,5곡,2021.07.30,해외
Adventures of Tricky N Duke,Miso Extra,0,1곡,2021.08.03,해외
Happier Than Ever,Billie Eilish,1337,16곡,2021.07.30,해외
See You Around,KHEMIS,3,1곡,2021.08.03,해외
Inner Light,"Elderbrook, Bob Moses",12,1곡,2021.07.30,해외
Louie Bag (Feat. Smino),Yebba,9,1곡,2021.07.27,해외
Skate,"Bruno Mars, Anderson .Paak, Silk Sonic",4356,2곡,2021.07.30,해외
STILL BREATHING,Arizona Zervas,42,1곡,2021.07.30,해외
Bobby Tarantino III,Logic,127,12곡,2021.07.30,해외
F*CK LOVE 3+: OVER YOU,The Kid LAROI,1581,35곡,2021.07.27,해외
Why Can't We Get Along,Zak Abel,25,1곡,2021.07.30,해외
Undone,"Zerb, Maty Noyes",4,1곡,2021.08.02,해외
Growth,Olivia Dean,39,5곡,2021.07.30,해외
Locust Laced,Sleigh Bells,5,1곡,2021.07.29,해외
Don't Hit My Line,"Aluna, Tekno",9,1곡,2021.08.02,해외
Dancing On My Own,Namic,2,1곡,2021.08.02,해외
Screw Feelings,Au/Ra,16,1곡,2021.07.30,해외
Summer Is for Falling in Love (Korean Version),Sarah Kang,64,1곡,2021.07.30,해외
Drive You Home,"Jackson Wang, Internet Money",392,1곡,2021.07.29,해외
Ur Best Friend,"Kiana Lede, Kehlani",70,1곡,2021.07.23,해외
Alright (Feat. Quavo),"HVME, 24KGoldn",82,1곡,2021.07.23,해외
Over The Top (feat. Drake),Smiley,6,1곡,2021.07.23,해외
Differences,B Young,11,16곡,2021.07.30,해외
I'm Tired,Amber Run,5,3곡,2021.07.30,해외
Monster,ZHU,11,1곡,2021.07.23,해외
Private Space,Durand Jones & The Indications,31,10곡,2021.07.30,해외
Golden,Zella Day,11,1곡,2021.07.28,해외
Thank God You Introduced Me to Your Sister,Sarah Barrios,14,1곡,2021.07.23,해외
You Don't Know,Justin Park,6,1곡,2021.07.30,해외
Stampede (feat. Fatman Scoop),Gammer,1,1곡,2021.07.30,해외
Where (I Want To Be),Rivus,3,1곡,2021.07.30,해외
Same Thing,"Fedde Le Grand, Love Harder, Amy Grace",7,1곡,2021.07.23,해외
Call Me,Logic,38,1곡,2021.07.23,해외
Gold-Diggers Sound,Leon Bridges,91,11곡,2021.07.23,해외
HEADLINE,Bren Joy,48,1곡,2021.07.23,해외
Comingback (Single Version),Parcels,34,2곡,2021.07.28,해외
get me high,Marco Luka,4,1곡,2021.07.23,해외
On Go (Feat. Polo G),Sheff G,8,1곡,2021.07.21,해외
"Thank you, God. For it all.",Childish Major,11,7곡,2021.07.23,해외
Can't Buy Love (feat. Baby E),"B-Case, Robin Schulz",11,1곡,2021.07.23,해외
"Something There (From ""High School Musical: The Musical: The Series (Season 2)""/Beauty and the Beast)",Cast of High School Musical: The Musical: The Series,3,1곡,2021.07.23,해외
the lakes (original version),Taylor Swift,165,1곡,2021.07.24,해외
Motion,Luke Hemmings,46,1곡,2021.07.21,해외
I Like That,Bazzi,211,1곡,2021.07.22,해외
The Paper Owl (Feat. Arehlai),Au5,2,1곡,2021.07.29,해외
Have You Ever Seen The Rain,Horizon Blue,4,1곡,2021.07.29,해외
너의 사랑,Peachy!,9,1곡,2021.07.28,해외
boy.,will hyde,10,1곡,2021.07.28,해외
Ring The Alarm,"DJ Snake, Malaa",13,1곡,2021.07.23,해외
Summerland,half·alive,23,1곡,2021.07.23,해외
Psycho (feat. Rubi Rose),Dixie,16,2곡,2021.07.23,해외
Feel Your Love,"Dimitri Vegas, Like Mike, Timmy Trumpet, Edward Maya",7,1곡,2021.07.23,해외
Waves,Culture Jam,1,2곡,2021.07.23,해외
Blue,Stalking Gia,4,1곡,2021.07.23,해외
Lie To Me (Remix),"Kem, Wiz Khalifa",20,1곡,2021.07.23,해외
I Miss You,"Pushing Daizies, Lucii",5,1곡,2021.07.28,해외
Big Fat Woodpecker,Pepe Deluxe,6,2곡,2021.07.28,해외
Baby Boy,Jay Lonzo,5,12곡,2021.07.28,해외
2 Phút Hơn (Make It Hot) [KAIZ Remix],"Phao, Tyga",30,1곡,2021.07.23,해외
Music Of The Spheres,Coldplay,1654,12곡,2021.07.23,해외
INDUSTRY BABY,"Lil Nas X, Jack Harlow",563,1곡,2021.07.23,해외
Moral Panic II,Nothing But Thieves,178,5곡,2021.07.23,해외
